<!-- <beans xmlns:context="http://www.springframework.org/schema/context"
       xmlns:spring="http://www.springframework.org/schema/beans"
       schemaLocation="http://www.springframework.org/schema/beans http://www.springframework.org/schema/beans/spring-beans-2.0.xsd    http://www.springframework.org/schema/context            http://www.springframework.org/schema/context/spring-context-2.5.xsd"> -->

<beans
    xmlns="http://www.springframework.org/schema/beans"
    xmlns:amq="http://activemq.apache.org/schema/core"
    xmlns:xsi="http://www.w3.org/2001/XMLSchema-instance"
    xsi:schemaLocation="http://www.springframework.org/schema/beans http://www.springframework.org/schema/beans/spring-beans-2.0.xsd
    http://activemq.apache.org/schema/core http://activemq.apache.org/schema/core/activemq-core.xsd">

    <bean class="org.springframework.beans.factory.config.PropertyPlaceholderConfigurer">
        <property name="locations">
            <list>
                <value>file:${activemq.base}/conf/credentials.properties</value>
                <value>classpath*:eliteesb-core.properties</value>
                <value>classpath*:eliteesb-common.properties</value>
            </list>
        </property>
    </bean>
    <broker xmlns="http://activemq.apache.org/schema/core"
            populateJMSXUserID="true" useJmx="true" persistent="true"
            brokerName="localhost" dataDirectory="${activemq_data_dir}">
        <managementContext>
        <managementContext createConnector="false"/>
        </managementContext>
        <persistenceAdapter>
            <kahaDB directory="${activemq_data_dir}/kahadb" />
            <!--maxDataFileLength="5368709120"-->
        </persistenceAdapter>
        <destinations>
            <!--  Begin unused queues
            <queue physicalName="EliteESBInbound"/>
            <queue physicalName="EliteESBArchieve"/>
            <queue physicalName="EliteESBFootprint"/>
                  End unused queues -->
            <queue physicalName="EliteESBEventInbound"/>
            <queue physicalName="EliteESBUserError"/>
            <queue physicalName="EliteESBSystemError"/>
            <queue physicalName="EliteESBConnectorError"/>
            <queue physicalName="EliteESBNonConsumable"/>
             
            <!--  Begin custom Montgomery queues -->
            <queue physicalName="Elite_To_MorphoTrak"/>
            <queue physicalName="Elite_To_Rafis"/>
            <queue physicalName="MorphoTrak_To_Elite"/>
            <queue physicalName="Rafis_To_Elite"/>
            <!--  End custom Montgomery queues -->
        </destinations>
        <destinationPolicy>
            <policyMap>
                <policyEntries>
                    <policyEntry queue="EliteESBEventInbound"
                                 strictOrderDispatch="true" advisoryWhenFull="true" producerFlowControl="false">
                        <deadLetterStrategy>
                            <individualDeadLetterStrategy queuePrefix="DLQ."/>
                        </deadLetterStrategy>
                        <dispatchPolicy>
                            <strictOrderDispatchPolicy />
                        </dispatchPolicy>
                        <pendingQueuePolicy>
                            <fileQueueCursor />
                        </pendingQueuePolicy>
                    </policyEntry>
                    <!--<policyEntry queue="EliteESBFootprint"
                                 advisoryWhenFull="true" producerFlowControl="false">
                        <deadLetterStrategy>
                            <individualDeadLetterStrategy processExpired="false" queuePrefix="DLQ."/>
                        </deadLetterStrategy>
                        <pendingQueuePolicy>
                            <fileQueueCursor/>
                        </pendingQueuePolicy>
                    </policyEntry>
                    <policyEntry queue="EliteESBArchieve"  advisoryWhenFull="true" producerFlowControl="false">
                        <deadLetterStrategy>
                            <individualDeadLetterStrategy queuePrefix="DLQ."/>
                        </deadLetterStrategy>
                        <pendingQueuePolicy>
                            <fileQueueCursor/>
                        </pendingQueuePolicy>
                    </policyEntry> -->
                    <policyEntry queue="EliteESBConnectorError"
                                 advisoryWhenFull="true" producerFlowControl="false">
                        <deadLetterStrategy>
                            <individualDeadLetterStrategy processExpired="false" queuePrefix="DLQ."/>
                        </deadLetterStrategy>
                        <pendingQueuePolicy>
                            <fileQueueCursor/>
                        </pendingQueuePolicy>
                    </policyEntry>
                    <policyEntry queue="EliteESBSystemError" advisoryWhenFull="true" producerFlowControl="false">
                        <deadLetterStrategy>
                            <individualDeadLetterStrategy processExpired="false"  queuePrefix="DLQ."/>
                        </deadLetterStrategy>
                        <pendingQueuePolicy>
                            <fileQueueCursor/>
                        </pendingQueuePolicy>
                    </policyEntry>
                    <policyEntry queue="EliteESBUserError"  advisoryWhenFull="true" producerFlowControl="false">
                        <deadLetterStrategy>
                            <individualDeadLetterStrategy processExpired="false"  queuePrefix="DLQ."/>
                        </deadLetterStrategy>
                        <pendingQueuePolicy>
                            <fileQueueCursor/>
                        </pendingQueuePolicy>
                    </policyEntry>
                    <policyEntry queue="EliteESBNonConsumable" advisoryWhenFull="true" producerFlowControl="false">
                        <deadLetterStrategy>
                            <individualDeadLetterStrategy queuePrefix="DLQ."/>
                        </deadLetterStrategy>
                        <pendingQueuePolicy>
                            <fileQueueCursor/>
                        </pendingQueuePolicy>
                    </policyEntry>
                    <policyEntry queue="Elite_To_MorphoTrak"
                                 strictOrderDispatch="true" advisoryWhenFull="true" producerFlowControl="false">
                        <deadLetterStrategy>
                            <individualDeadLetterStrategy queuePrefix="DLQ."/>
                        </deadLetterStrategy>
                        <dispatchPolicy>
                            <strictOrderDispatchPolicy />
                        </dispatchPolicy>
                        <pendingQueuePolicy>
                            <fileQueueCursor />
                        </pendingQueuePolicy>
                    </policyEntry>
                    <policyEntry queue="Elite_To_Rafis"
                                 strictOrderDispatch="true" advisoryWhenFull="true" producerFlowControl="false">
                        <deadLetterStrategy>
                            <individualDeadLetterStrategy queuePrefix="DLQ."/>
                        </deadLetterStrategy>
                        <dispatchPolicy>
                            <strictOrderDispatchPolicy />
                        </dispatchPolicy>
                        <pendingQueuePolicy>
                            <fileQueueCursor />
                        </pendingQueuePolicy>
                    </policyEntry>
                    <policyEntry queue="MorphoTrak_To_Elite"
                                 strictOrderDispatch="true" advisoryWhenFull="true" producerFlowControl="false">
                        <deadLetterStrategy>
                            <individualDeadLetterStrategy queuePrefix="DLQ."/>
                        </deadLetterStrategy>
                        <dispatchPolicy>
                            <strictOrderDispatchPolicy />
                        </dispatchPolicy>
                        <pendingQueuePolicy>
                            <fileQueueCursor />
                        </pendingQueuePolicy>
                    </policyEntry>
                    <policyEntry queue="Rafis_To_Elite"
                                 strictOrderDispatch="true" advisoryWhenFull="true" producerFlowControl="false">
                        <deadLetterStrategy>
                            <individualDeadLetterStrategy queuePrefix="DLQ."/>
                        </deadLetterStrategy>
                        <dispatchPolicy>
                            <strictOrderDispatchPolicy />
                        </dispatchPolicy>
                        <pendingQueuePolicy>
                            <fileQueueCursor />
                        </pendingQueuePolicy>
                    </policyEntry>
                </policyEntries>
            </policyMap>
        </destinationPolicy>
        <plugins>
            <jaasAuthenticationPlugin configuration="activemq-domain"/>
            <authorizationPlugin>
                <map>
                    <authorizationMap>
                        <authorizationEntries>
                            <!--<authorizationEntry queue="EliteESBProcessingResult" read="elitejms,admins"
                                                write="elitejms,admins" admin="elitejms,admins"/>
                            <authorizationEntry queue="DLQ.EliteESBArchieve" read="admins"
                                                write="admins" admin="admins"/>
                            <authorizationEntry queue="EliteESBArchieve" read="elitejms,admins"
                                                write="elitejms,admins" admin="admins"/>
                            <authorizationEntry queue="DLQ.EliteESBFootprint" read="elitejms,admins"
                                                write="elitejms,admins" admin="elitejms,admins"/>
                            <authorizationEntry queue="EliteESBFootprint" read="admins,elitejms"
                                                write="admins,elitejms" admin="admins"/>-->
                            <authorizationEntry queue="DLQ.EliteESBEventInbound" read="elitejms,admins"
                                                write="elitejms,admins" admin="elitejms,admins"/>  
                            <authorizationEntry queue="EliteESBEventInbound" read="admins,elitejms"
                                                write="admins,elitejms" admin="admins"/>
                            <authorizationEntry queue="DLQ.EliteESBNonConsumable" read="admins"
                                                write="admins" admin="admins"/>
                            <authorizationEntry queue="EliteESBNonConsumable" read="elitejms,admins"
                                                write="elitejms,admins" admin="admins"/>
                            <authorizationEntry queue="DLQ.EliteESBUserError" read="admins"
                                                write="admins" admin="admins"/>
                            <authorizationEntry queue="EliteESBUserError" read="elitejms,admins"
                                                write="elitejms,admins" admin="admins"/>
                            <authorizationEntry queue="DLQ.EliteESBSystemError" read="elitejms,admins"
                                                write="admins" admin="admins"/>
                            <authorizationEntry queue="EliteESBSystemError" read="elitejms,admins"
                                                write="elitejms,admins" admin="admins"/>
                            <authorizationEntry queue="DLQ.EliteESBConnectorError" read="elitejms,admins"
                                                write="admins" admin="admins"/>
                            <authorizationEntry queue="EliteESBConnectorError" read="elitejms,admins"
                                                write="elitejms,admins" admin="admins"/>
                                                
                            <!-- Add Montgomery user to existing functionality -->
                            <authorizationEntry topic="ActiveMQ.Advisory.>" read="admins,elitejms,mcoesb"
                                                write="admins,elitejms,mcoesb" admin="admins,elitejms,mcoesb"/>
                                                                                                
                            <!--  Begin custom Montgomery queues -->
                            <authorizationEntry queue="Elite_To_MorphoTrak" read="admins,elitejms,mcoesb"
                                                write="admins,elitejms,mcoesb" admin="admins"/>
                            <authorizationEntry queue="DLQ.Elite_To_MorphoTrak" read="elitejms,admins,mcoesb"
                                                write="elitejms,admins,mcoesb" admin="elitejms,admins,mcoesb"/>
                            <authorizationEntry queue="Elite_To_Rafis" read="admins,elitejms,mcoesb"
                                                write="admins,elitejms,mcoesb" admin="admins"/>
                            <authorizationEntry queue="DLQ.Elite_To_Rafis" read="elitejms,admins,mcoesb"
                                                write="elitejms,admins,mcoesb" admin="elitejms,admins,mcoesb"/>
                            <authorizationEntry queue="MorphoTrak_To_Elite" read="admins,elitejms,mcoesb"
                                                write="admins,elitejms,mcoesb" admin="admins"/>
                            <authorizationEntry queue="DLQ.MorphoTrak_To_Elite" read="elitejms,admins,mcoesb"
                                                write="elitejms,admins,mcoesb" admin="elitejms,admins,mcoesb"/>
                            <authorizationEntry queue="Rafis_To_Elite" read="admins,elitejms,mcoesb"
                                                write="admins,elitejms,mcoesb" admin="admins"/>
                            <authorizationEntry queue="DLQ.Rafis_To_Elite" read="elitejms,admins,mcoesb"
                                                write="elitejms,admins,mcoesb" admin="elitejms,admins,mcoesb"/>
                            <!--  End custom Montgomery queues -->
                            
                        </authorizationEntries>
                        <tempDestinationAuthorizationEntry>
                        <tempDestinationAuthorizationEntry read="admins" write="admins"
                                                           admin="admins"/>
                        </tempDestinationAuthorizationEntry>
                    </authorizationMap>
                </map>
            </authorizationPlugin>
        </plugins>
        <transportConnectors>
            <transportConnector uri="tcp://${jms_listen_hostname}:${jms_broker_port}"/>
        </transportConnectors>
        <!--<systemUsage>
            <systemUsage>
                <storeUsage>
                    <storeUsage limit="4 gb"/>
                </storeUsage>
                <tempUsage>
                    <tempUsage limit="100 mb"/>
                </tempUsage>
            </systemUsage>
        </systemUsage>-->
    </broker>
    <jetty xmlns="http://mortbay.com/schemas/jetty/1.0">
        <connectors>
            <nioConnector port="${http_jetty_port}" />
        </connectors>
        <handlers>
            <webAppContext contextPath="/admin"
                           resourceBase="${activemq.base}/webapps/admin" logUrlOnStart="true" />
        </handlers>
        <userRealms>
            <jaasUserRealm name="adminRealm" loginModuleName="adminLoginModule">
            </jaasUserRealm>
        </userRealms>
    </jetty>
</beans>