<?xml version="1.0" encoding="UTF-8"?>
<mule xmlns="http://www.mulesource.org/schema/mule/core/2.2" xmlns:xsi="http://www.w3.org/2001/XMLSchema-instance"
      xmlns:spring="http://www.springframework.org/schema/beans" xmlns:mulexml="http://www.mulesource.org/schema/mule/xml/2.2"
      xmlns:stdio="http://www.mulesource.org/schema/mule/stdio/2.2" xmlns:vm="http://www.mulesource.org/schema/mule/vm/2.2"
      xmlns:mule-xml="http://www.mulesource.org/schema/mule/xml/2.2" xmlns:file="http://www.mulesource.org/schema/mule/file/2.2"
      xmlns:axis="http://www.mulesource.org/schema/mule/axis/2.2" xmlns:http="http://www.mulesource.org/schema/mule/http/2.2"
      xmlns:management="http://www.mulesource.org/schema/mule/management/2.2" xmlns:cxf="http://www.mulesource.org/schema/mule/cxf/2.2"
      xmlns:jbossts="http://www.mulesource.org/schema/mule/jbossts/2.2" xmlns:jms="http://www.mulesource.org/schema/mule/jms/2.2"
      xmlns:jaas="http://www.mulesource.org/schema/mule/jaas/2.2" xmlns:jdbc="http://www.mulesource.org/schema/mule/jdbc/2.2"
      xmlns:jersey="http://www.mulesource.org/schema/mule/jersey/2.2" xmlns:https="http://www.mulesource.org/schema/mule/https/2.2"
      xmlns:mule-ss="http://www.mulesource.org/schema/mule/spring-security/2.2" xmlns:ss="http://www.springframework.org/schema/security"
      xsi:schemaLocation="http://www.mulesource.org/schema/mule/vm/2.2 http://www.mulesource.org/schema/mule/vm/2.2/mule-vm.xsd             http://www.mulesource.org/schema/mule/xml/2.2 http://www.mulesource.org/schema/mule/xml/2.2/mule-xml.xsd             http://www.mulesource.org/schema/mule/file/2.2 http://www.mulesource.org/schema/mule/file/2.2/mule-file.xsd     http://www.springframework.org/schema/beans http://www.springframework.org/schema/beans/spring-beans-2.0.xsd     http://www.mulesource.org/schema/mule/core/2.2 http://www.mulesource.org/schema/mule/core/2.2/mule.xsd     http://www.mulesource.org/schema/mule/xml/2.2 http://www.mulesource.org/schema/mule/xml/2.2/mule-xml.xsd     http://www.mulesource.org/schema/mule/stdio/2.2 http://www.mulesource.org/schema/mule/stdio/2.2/mule-stdio.xsd     http://www.mulesource.org/schema/mule/management/2.2 http://www.mulesource.org/schema/mule/management/2.2/mule-management.xsd    http://www.mulesource.org/schema/mule/http/2.2 http://www.mulesource.org/schema/mule/http/2.2/mule-http.xsd    http://www.mulesource.org/schema/mule/cxf/2.2 http://www.mulesource.org/schema/mule/cxf/2.2/mule-cxf.xsd    http://www.mulesource.org/schema/mule/jbossts/2.2  http://www.mulesource.org/schema/mule/jbossts/2.2/mule-jbossts.xsd    http://www.mulesource.org/schema/mule/jms/2.2 http://www.mulesource.org/schema/mule/jms/2.2/mule-jms.xsd    http://www.mulesource.org/schema/mule/axis/2.2 http://www.mulesource.org/schema/mule/axis/2.2/mule-axis.xsd    http://www.mulesource.org/schema/mule/jaas/2.2 http://www.mulesource.org/schema/mule/jaas/2.2/mule-jaas.xsd    http://www.mulesource.org/schema/mule/jdbc/2.2 http://www.mulesource.org/schema/mule/jdbc/2.2/mule-jdbc.xsd  http://www.mulesource.org/schema/mule/jersey/2.2  http://www.mulesource.org/schema/mule/jersey/2.2/mule-jersey.xsd  http://www.mulesource.org/schema/mule/spring-security/2.2   http://www.mulesource.org/schema/mule/spring-security/2.2/mule-spring-security.xsd   http://www.springframework.org/schema/security   http://www.springframework.org/schema/security/spring-security-2.0.xsd http://www.mulesource.org/schema/mule/https/2.2 http://www.mulesource.org/schema/mule/https/2.2/mule-https.xsd" >

    <!-- All Transformers -->
    <custom-transformer name="JaxbObjectToXml" class="net.syscon.esb.mdmdocr.transformer.JaxbObjectToXml" />
    <custom-transformer name="JaxbXmlToObject" class="net.syscon.esb.mdmdocr.transformer.JaxbXmlToObject" />
    <custom-transformer name="JaxbObjectToValueObject" class="net.syscon.esb.mdmdocr.transformer.JaxbObjectToValueObject" />
    <jms:jmsmessage-to-object-transformer name="JMSMessageToObject" />
    
    <spring:bean id="interfaceAuditLogDao" class="net.syscon.esb.mdmdocr.dao.JdbcInterfaceAuditLogDao">
        <spring:property name="dataSource" ref="oraDataSource" />
    </spring:bean>

    <spring:bean id="addToInterfaceAuditLog" class="net.syscon.esb.mdmdocr.component.AddToInterfaceAuditLog">
        <spring:property name="interfaceAuditLogDao" ref="interfaceAuditLogDao" />
    </spring:bean>
    
    <spring:bean name="ArjunaFactory" class="org.mule.module.jboss.transaction.JBossArjunaTransactionManagerFactory" />
    <spring:bean id="arjunaTM" factory-bean="ArjunaFactory" factory-method="create" />
    
    <spring:bean id="oraDataSource" class="org.apache.commons.dbcp.managed.BasicManagedDataSource">
        <spring:property name="driverClassName" value="oracle.jdbc.xa.client.OracleXADataSource" />
        <spring:property name="url" value="${elite_db_jdbc_url}" />
        <spring:property name="username" value="${elite_db_username}"/>
        <spring:property name="password" value="${elite_db_password}"/>
        <spring:property name="initialSize" value="${elite_esb_min_db_connections}"/>
        <spring:property name="minIdle" value="${elite_esb_min_db_connections}"/>
        <spring:property name="maxActive" value="${elite_esb_max_db_connections}"/>
        <spring:property name="testOnBorrow" value="${elite_db_connection_validate}" />
        <spring:property name="validationQuery" value="SELECT 1 FROM dual" />
        <spring:property name="transactionManager" ref="arjunaTM" />
        <spring:property name="connectionInitSqls">
            <spring:list>
                <spring:value>
                    {call dbms_session.set_role('TAG_USER IDENTIFIED BY ' || get_decrypt_pwd('2DECRYPTAPASSWRD'))}
                </spring:value>
            </spring:list>
        </spring:property>
    </spring:bean>

    <model name="CommonMdmdocrServices">
        <service name="AddToInterfaceAuditLog">
            <description>
                Service uses JDBC call to insert into INTERFACE_AUDIT_LOGS
            </description>
            <inbound>
                <vm:inbound-endpoint path="mdmdocr_addToInterfaceAuditLog">
                    <xa-transaction action="ALWAYS_JOIN" />
                </vm:inbound-endpoint>
            </inbound>
            <component>
                <logging-interceptor/>
                <timer-interceptor/>
                <spring-object bean="addToInterfaceAuditLog" />
            </component>
        </service>

    </model>

</mule>