<?xml version="1.0" encoding="UTF-8"?>
<mule xmlns="http://www.mulesource.org/schema/mule/core/2.2"
      xmlns:xsi="http://www.w3.org/2001/XMLSchema-instance"
      xmlns:spring="http://www.springframework.org/schema/beans"
      xmlns:mulexml="http://www.mulesource.org/schema/mule/xml/2.2"
      xmlns:stdio="http://www.mulesource.org/schema/mule/stdio/2.2"
      xmlns:vm="http://www.mulesource.org/schema/mule/vm/2.2"
      xmlns:mule-xml="http://www.mulesource.org/schema/mule/xml/2.2"
      xmlns:file="http://www.mulesource.org/schema/mule/file/2.2"
      xmlns:axis="http://www.mulesource.org/schema/mule/axis/2.2"
      xmlns:http="http://www.mulesource.org/schema/mule/http/2.2"
      xmlns:management="http://www.mulesource.org/schema/mule/management/2.2"
      xmlns:cxf="http://www.mulesource.org/schema/mule/cxf/2.2"
      xmlns:jbossts="http://www.mulesource.org/schema/mule/jbossts/2.2"
      xmlns:jms="http://www.mulesource.org/schema/mule/jms/2.2"
      xmlns:jaas="http://www.mulesource.org/schema/mule/jaas/2.2"
      xmlns:jdbc="http://www.mulesource.org/schema/mule/jdbc/2.2"
      xsi:schemaLocation="http://www.mulesource.org/schema/mule/vm/2.2 http://www.mulesource.org/schema/mule/vm/2.2/mule-vm.xsd             http://www.mulesource.org/schema/mule/xml/2.2 http://www.mulesource.org/schema/mule/xml/2.2/mule-xml.xsd             http://www.mulesource.org/schema/mule/file/2.2 http://www.mulesource.org/schema/mule/file/2.2/mule-file.xsd     http://www.springframework.org/schema/beans http://www.springframework.org/schema/beans/spring-beans-2.0.xsd     http://www.mulesource.org/schema/mule/core/2.2 http://www.mulesource.org/schema/mule/core/2.2/mule.xsd     http://www.mulesource.org/schema/mule/xml/2.2 http://www.mulesource.org/schema/mule/xml/2.2/mule-xml.xsd     http://www.mulesource.org/schema/mule/stdio/2.2 http://www.mulesource.org/schema/mule/stdio/2.2/mule-stdio.xsd     http://www.mulesource.org/schema/mule/management/2.2 http://www.mulesource.org/schema/mule/management/2.2/mule-management.xsd    http://www.mulesource.org/schema/mule/http/2.2 http://www.mulesource.org/schema/mule/http/2.2/mule-http.xsd    http://www.mulesource.org/schema/mule/cxf/2.2 http://www.mulesource.org/schema/mule/cxf/2.2/mule-cxf.xsd    http://www.mulesource.org/schema/mule/jbossts/2.2  http://www.mulesource.org/schema/mule/jbossts/2.2/mule-jbossts.xsd    http://www.mulesource.org/schema/mule/jms/2.2 http://www.mulesource.org/schema/mule/jms/2.2/mule-jms.xsd    http://www.mulesource.org/schema/mule/axis/2.2 http://www.mulesource.org/schema/mule/axis/2.2/mule-axis.xsd    http://www.mulesource.org/schema/mule/jaas/2.2 http://www.mulesource.org/schema/mule/jaas/2.2/mule-jaas.xsd    http://www.mulesource.org/schema/mule/jdbc/2.2 http://www.mulesource.org/schema/mule/jdbc/2.2/mule-jdbc.xsd    ">
	
    <!-- Load configuraton for mule-->
    <spring:bean id="propertyConfigurer"
                 class="org.springframework.beans.factory.config.PropertyPlaceholderConfigurer">
        <spring:property name="locations">
            <spring:list>
                <spring:value>classpath*:eliteesb-core.properties</spring:value>
                <spring:value>classpath*:eliteesb-common.properties</spring:value>
                <!-- These modules may be filtered out of the build process but it does not hurt to include this in the classpath if this occurs -->
                <spring:value>classpath*:eliteesb-morphotrak.properties</spring:value>
                <spring:value>classpath*:eliteesb-rafis.properties</spring:value>
            </spring:list>
        </spring:property>
    </spring:bean>

    <spring:beans>
        <spring:import resource="elite-esb-router-mdmdocr-morphotrak.xml" />
        <spring:import resource="elite-esb-router-mdmdocr-rafis.xml" />
        <spring:import resource="elite-esb-mule-config-client-common.xml" />
        <spring:import resource="elite-esb-mule-config-core.xml" />
    </spring:beans>
</mule>
