<?xml version="1.0"?>
<webmethodstestdata name="testInputDoc">
		<webmethodstestdata name="StringList" type="StringList">
			<input>String1</input>
			<input>String2</input>
			<input>String3</input>
		</webmethodstestdata>
		<input name="Name" type="String">hello</input>
		<input name="UserID" type="String">World</input>
		<input name="Object" type="Boolean">true</input>
		<webmethodstestdata name="DocumentList" type="DocumentList">
			<webmethodstestdata name="Doc1">
				<input name="Name" type="String">value</input>
			</webmethodstestdata>		
			<webmethodstestdata name="Doc2">
				<input name="Name2" type="String">value</input>
			</webmethodstestdata>		
		</webmethodstestdata>
		<webmethodstestdata name="ObjectList" type="ObjectList">
			<input name="test" type="Integer">12</input>
			<input name="test" type="Integer">111</input>
			<input name="test" type="Integer">3</input>
		</webmethodstestdata>
</webmethodstestdata>
	