<?xml version="1.0"?>
<!--
   Copyright 2001-2005 The Apache Software Foundation
 
   Licensed under the Apache License, Version 2.0 (the "License");
   you may not use this file except in compliance with the License.
   You may obtain a copy of the License at
 
       http://www.apache.org/licenses/LICENSE-2.0
 
   Unless required by applicable law or agreed to in writing, software
   distributed under the License is distributed on an "AS IS" BASIS,
   WITHOUT WARRANTIES OR CONDITIONS OF ANY KIND, either express or implied.
   See the License for the specific language governing permissions and
   limitations under the License.
-->
<document prev="component_reference.html" next="glossary.html" date="2004/06/12">

<properties>
  <title>User's Manual: Functions</title>
</properties>

<body>

<section name="20. Functions" anchor="functions">
<p>
JMeter functions are special values that can populate fields of any Sampler or other configuration
element in a test tree.  A function looks like this:</p>

<p><code>${__functionName(var1,var2,var3)}</code></p>

<p>Where "__functionName" matches the name of an existing built-in or user-defined function.<br/>
Parentheses surround the parameters sent to the function.  The actual parameters vary from function 
to function.  Functions that require no parameters can leave off the parentheses.  The function itself
is wrapped in ${}.</p>
<p>List of functions:</p>
<ul>
        <li><a href="#__regexFunction">regexFunction - regular expression evaluator</a></li>
        <li><a href="#__counter">counter</a></li>
        <li><a href="#__threadNum">threadNum - get thread number</a></li>
        <li><a href="#__intSum">intSum - add variables</a></li>
        <li><a href="#__StringFromFile">StringFromFile - read a line from a file</a></li>
        <li><a href="#__machineName">machineName - get the local machine name</a></li>
        <li><a href="#__javaScript">JavaScript (Apache Rhino)</a></li>
        <li><a href="#__Random">random number</a></li>
        <li><a href="#__CSVRead">CSVRead - read from CSV delimited file</a></li>
        <li><a href="#__property">read a property</a></li>
        <li><a href="#__P">P - read a property</a></li>
        <li><a href="#__setProperty">setProperty - set a property</a></li>
        <li><a href="#__log">log - log a message</a></li>
        <li><a href="#__logn">logn - log a message</a></li>
        <li><a href="#__BeanShell">BeanShell - run BeanShell</a></li>
        <li><a href="#__split">split - Split a string into variables</a></li>
        <li><a href="#__XPath">XPath - XPath use an xpath expression</a></li>
</ul>

<subsection name="20.1 What can functions do" anchor="what_can_do">
<p>There are two kinds of functions: user-defined static values, and built-in functions.<br/>
User-defined static values allow the user to define variables to be replaced with their static value when
a test tree is compiled and submitted to be run.  This replacement happens once at the beginning of the test
run.  This could be used to replace the DOMAIN field of all HTTP requests, for example - making it a simple 
matter to change a test to target a different server with the same test.
</p>
<p>This type of replacement is possible without functions, but was less convenient and less intuitive.
It required users to create default config elements that would fill in blank values of Samplers.  User-defined
functions allow one to replace only part of any given value, not just filling in blank values.</p>
<p>
With built-in functions users can compute new values at run-time based on previous response data, which
thread the function is in, the time, and many other sources.  These values are generated fresh for every
request throughout the course of the test. </p>
</subsection>

<subsection name="20.2 Where can functions be used?" anchor="where">
<p>A user-defined function can be written into any field of any test component.  Some fields do not allow random strings 
because they are expecting numbers, and thus will not accept a function.  However, most fields will allow
functions.</p>
<p>Built-in functions can be written into any field of non-controller test components. This includes
Samplers, Timers, Listeners, Modifiers, Assertions, Pre-Processors, Post-Processors and Config Elements.</p>
<note>When using variable/function references in SQL code (etc),
remember to include any necessary quotes for text strings,
i.e. use<br></br>
SELECT item from table where name='${VAR}'
<br></br><b>not</b>
<br></br>
SELECT item from table where name=${VAR}
<br></br>(unless VAR itself contains the quotes)
</note>
</subsection>

<subsection name="20.3 Writing the function string" anchor="how">
<p>User-defined functions take the form: <code>${varName}</code>.  In the TestPlan tree element, a two-column table
of user-defined values is kept, matching up variable names with static values.  Referencing the
variable in a test element is done by bracketing the variable name with '${' and '}'.</p>
<p>Built-in functions are written in the same manner, but by convention, the names of built-in
parameters begin with "__" to avoid conflict with user value names<sup>*</sup>.  Some functions take arguments to
configure them, and these go in parentheses, comma-delimited.  If the function takes no arguments, the parentheses can
be left out.  A further complication for argument values that themselves contain commas is that the value
should be escaped as necessary.  Thus, if you need to include a comma in your parameter value, escape it like so: '\,'.  JMeter provides a tool to help you construct
function calls for various built-in functions, which you can then copy-paste.  It will not automatically escape values for you, since functions can be parameters to other functions, and you should only escape values you intend as literal.</p>
<note><sup>*</sup>If you define a user-defined static variable with the same name as a built-in function, your static
variable will override the built-in function.</note>
</subsection>

<subsection name="20.4 The Function Helper Dialog" anchor="function_helper">
<p>The Function Helper dialog is available from JMeter's Tools menu.</p>
<figure image="function_helper_dialog.png">Function Helper Dialog</figure>
<p>Using the Function Helper, you can select a function from the pull down, and assign
values for its arguments.  The left column in the table provides a brief description of the
argument, and the right column is where you write in the value for that argument.  Different
functions take different arguments.</p>
<p>Once you have done this, click the "generate" button, and the appropriate string is generated
for you to copy-paste into your test plan wherever you like.</p>
</subsection>

<subsection name="20.5 Functions" anchor="functions">

<component index="20.5.1" name="__regexFunction">
<description><p>The Regex Function is used to parse the previous response using any regular
expression (provided by user).  The function returns the template string with variable values filled
in.</p>
<p>The __regexFunction stores values for future use.  In the sixth parameter, you can specify
a reference name.  After this function executes, the same values can be retrieved at later times
using the syntax for user-defined values.  For instance, if you enter "refName" as the sixth
parameter you will be able to use:
<ul>
<li>${refName} to refer to the computed result of the second parameter ("Template for the
replacement string") parsed by this function</li>
<li>${refName_g0} to refer to the entire match  parsed by this function.</li>
<li>${refName_g1} to refer to the first group parsed by this function.</li>
<li>${refName_g#} to refer to the n<sup>th</sup> group parsed by this function.</li>
<li>${refName_matchNr} to refer to the number of groups found by this function.</li>
</ul>
</p>
</description>

<properties>
        <property name="First argument" required="Yes">The first argument is the regular expression
        to be applied to the response data.  It will grab all matches.  Any parts of this expression
        that you wish to use in your template string, be sure to surround in parentheses.  Example:
        &amp;lt;a href="(.*)"&amp;gt;.  This will grab the value of the link and store it as the first group (there is
        only 1 group).  Another example: &amp;lt;input type="hidden" name="(.*)" value="(.*)"&amp;gt;.  This will
        grab the name as the first group, and the value as the second group.  These values can be used
        in your template string</property>
        <property name="Second argument" required="Yes">This is the template string that will replace
        the function at run-time.  To refer to a group captured in the regular expression, use the syntax:
        $[group_number]$.  Ie: $1$, or $2$.  Your template can be any string.</property>
        <property name="Third argument" required="Yes">The third argument tells JMeter which match
        to use.  Your regular expression might find numerous matches.  You have four choices:
                <ul><li>An integer - Tells JMeter to use that match.  '1' for the first found match, '2' for the
                second, and so on</li>
                <li>RAND - Tells JMeter to choose a match at random.</li>
                <li>ALL - Tells JMeter to use all matches, and create a template string for each one and then
                append them all together.  This option is little used.</li>
                <li>A float number between 0 and 1 - tells JMeter to find the Xth match using the formula:
                (number_of_matches_found * float_number) rounded to nearest integer.</li>
                </ul></property>
        <property name="Fourth argument" required="No">If 'ALL' was selected for the above argument
        value, then this argument will be inserted between each appended copy of the template value.</property>
        <property name="Fifth argument" required="No">Default value returned if no match is found</property>
    <property name="Sixth argument" required="No">A reference name for reusing the values parsed by this function.<br></br>
        Stored values are ${refName} (the replacement template string) and ${refName_g#} where "#" is the
        group number from the regular expression ("0" can be used to refer to the entire match).</property>
</properties>
</component>

<component index="20.5.2" name="__counter">
<description><p>The counter generates a new number each time it is called, starting with 1
and incrementing by +1 each time.  The counter can be configured to keep each simulated user's values
separate, or to use the same counter for all user.  If each user's values is incremented separately,
that is like counting the number of iterations through the test plan.  A global counter is like
counting how many times that request was run.</p></description>

<properties>
        <property name="First argument" required="Yes">TRUE if you wish each simulated user's counter
        to be kept independent and separate from the other users.  FALSE for a global counter.</property>

<property name="Second argument" required="Yes">A reference name for reusing the value created by this function.<br></br>
                Stored values are of the form ${refName}.  This allows you to keep one counter and refer to its value in
                multiple places.</property>
</properties>
</component>

<component index="20.5.3" name="__threadNum">
<description><p>The thread number function simply returns the number of the thread currently
being executed.  These numbers are independent of ThreadGroup, meaning thread #1 in one threadgroup
is indistinguishable from thread #1 in another threadgroup, from the point of view of this function.</p>

<p>There are no arguments for this function.</p>
</description>
</component>

<component index="20.5.4" name="__intSum">
<description><p>The intsum function can be used to compute the sum of two or more integer values.
</p></description>

<properties>
        <property name="First argument" required="Yes">The first int value.</property>
        <property name="Second argument" required="Yes">The second int value.</property>
        <property name="nth argument" required="No">The nth int value.</property>
        <property name="last argument" required="Yes">A reference name for reusing the value
                computed by this function.</property>
</properties>
</component>

<!-- Alternate spelling -->
<a name="__StringFromFile"/>
<component index="20.5.5" name="_StringFromFile">

<description>
	<p>
	The StringFromFile function can be used to read strings from a text file. 
	This is useful for running tests that require lots of variable data.
	For example when testing a banking application, 100s or 1000s of different account numbers might be required.
	</p>
	<p>
	Each time it is called it reads the next line from the file.
	When the end of the file is reached, it will start reading again from the beginning,
	unless the maximum loop count has been reached.
	If there are multiple references to the function in a test script, each will open the file independently,
	even if the file names are the same.
	[If the value is to be used again elsewhere, use different variable names for each function call.]
	</p>
	<p>If an error occurs opening or reading the file, then the function returns the string "**ERR**"</p>
</description>

<properties>
        <property name="File Name" required="Yes">Path to the file name.
        	(The path can be relative to the JMeter launch directory)
        	If using optional sequence numbers, the path name should be suitable for passing to DecimalFormat.
        	See below for examples.
        </property>
        <property name="Variable Name" required="No">
A reference name - refName - for reusing the value created by this function. Stored values are of the form ${refName}.
        </property>
        <property name="Start sequence number" required="No">Initial Sequence number (if omitted, the End sequence number is treated as a loop count)</property>
        <property name="End   sequence number" required="No">Final sequence number (if omitted, seqence numbers can increase without limit)</property>
</properties>
<p>The file name parameter is resolved when the file is opened or re-opened.</p>
<p>The reference name parameter (if supplied) is resolved every time the function is executed.</p>
<p><b>Using sequence numbers:</b></p>
<p>When using the optional sequence numbers, the path name is used as the format string for java.text.DecimalFormat.
	The current sequence number is passed in as the only parameter.
    If the optional start number is not specified, the path name is used as is.
	Useful formatting sequences are:
	</p>
	<p>
<code>
# - insert the number, with no leading zeros or spaces<br/>
000 - insert the number packed out to 3 digits with leading zeros if necessary<br/>
<p/>
Examples:<br/>
 pin#.dat -> pin1.dat, ... pin9.dat, pin10.dat, ... pin9999.dat<br/>
 pin000.dat -> pin001.dat ... pin099.dat ... pin999.dat ... pin9999.dat<br/>
 pin'.'dat# -> pin.dat1, ... pin.dat9 ... pin.dat999<br/>
 N.B: pin.dat# -> pin1.0dat, ... pin9.0dat ... pin999.0dat<br/>
</code><p/>
	If more digits are required than there are formatting characters, the number will be
	expanded as necessary.<br/>
	To prevent a formatting character from being interpreted,
	enclose it in single quotes. Note that the decimal point is a formatting character,
	and must be enclosed in single quotes (though it works as expected for #. and 000.)
	N.B. the decimal point varies between locales, but in the UK and US, at least, it is
	the same character as is used to separate parts of file names.<br/>
	See the documentation for DecimalFormat for full details.<br/>
	If the path name does not contain any special formatting characters,
	the current sequence number will be appended to the name, otherwise
	the number will be inserted aaccording to the fomatting instructions.<br/>
	If the start sequence number is omitted, and the end sequence number is specified,
	the sequence number is interpreted as a loop count, and the file will be used at most "end" times.
	In this case the filename is not formatted.
	<code>
	
	${_StringFromFile(PIN#.DAT,,1,2)} - reads PIN1.DAT, PIN2.DAT
	${_StringFromFile(PIN.DAT,,,2)} - reads PIN.DAT twice
	</code>
	</p>
</component>

<component index="20.5.6" name="__machineName">
<description><p>The machineName function returns the local host name</p></description>

<properties>
        <property name="Name of function" required="Yes">A reference name for reusing the value
                computed by this function.</property>
</properties>
</component>

<component index="20.5.7" name="__javaScript">
<description><p>The javaScript function executes a piece of JavaScript (not Java!) code and returns its value</p>
	</description>

<properties>
        <property name="Expression" required="Yes">The JavaScript expression to be executed. For example:
        	<ul>
        		<li>new Date() - return the current date and time</li>
        		<li>Math.floor(Math.random()*(${maxRandom}+1))
        			- a random number between 0 and the variable maxRandom</li>
        		<li>${minRandom}+Math.floor(Math.random()*(${maxRandom}-${minRandom}+1))
        			- a random number between the variables minRandom and maxRandom</li>
        	</ul>
        	</property>
        <property name="Name of function" required="Yes">A reference name for reusing the value
                computed by this function.</property>
</properties>
</component>

<component index="20.5.8" name="__Random">
<description><p>The random function returns a random number that lies between the given min and max values.</p></description>

<properties>
        <property name="Minimum value" required="Yes">A number</property>
        <property name="Maximum value" required="Yes">A bigger number</property>
        <property name="Name of function" required="Yes">A reference name for reusing the value
                computed by this function.</property>
</properties>
</component>

<component index="20.5.8" name="__CSVRead">
<description><p>The CSVFile function returns a string from a CSV file (c.f. <a href="#_StringFromFile">StringFromFile</a>)</p>
	<p>NOTE: versions up to 1.9.1 only supported a single file. 
		JMeter versions since 1.9.1 support multiple file names.
	</p>
	<p>
	When a filename is first encountered, the file is opened and read into an internal
	array.
	</p>
	<note>If an empty line is detected, this is treated as end of file.
	This allows	trailing comments to be used.
	(N.B. this feature was introduced in versions after 1.9.1)
	</note>
	<p>All subsequent references to the same file name use the same internal array.
	N.B. the filename case is significant to the function, even if the OS doesn't care,
	so CSVRead(abc.txt,0) and CSVRead(aBc.txt,0) would refer to different internal arrays.
	</p>
	<p>
	The *ALIAS feature allows the same file to be opened more than once,
	and also allows for shorter file names.
	</p>
	<p>
	Each thread has its own internal pointer to its current row in the file array.
	When a thread first refers to the file (or uses next) it will be allocated the next unread row in
	the array, so each thread will access a different row from all other threads.
	When the end of the file is reached, it starts from the beginning again.
	</p>
</description>

<properties>
        <property name="File Name" required="Yes">The file (or *ALIAS) to read from</property>
        <property name="Column number" required="Yes">
        	The column number in the file:
        	<ul>
        	<li>0 = first column, 1 = second etc.</li>
        	<li>next or next() - go to next unread line of file.</li>
        	<li>3next - extract 4th column, and go to next unread line of file.</li>
        	<li>*ALIAS - open a file and assign it to the alias</li>
        	</ul>
        	</property>
</properties>
</component>

<component index="20.5.9" name="__property">
<description><p>The property function returns the value of a JMeter property. 
	If the property value cannot be found, and no default has been supplied, it returns the property name.
	When supplying a default value, there is no need to provide a function name - the parameter can be set to null, and it will be ignored.
	</p>For example:<p>
		<ul>
<li>${__property(user.dir)} - return value of user.dir</li>
<li>${__property(user.dir,UDIR)} - return value of user.dir and save in UDIR</li>
<li>${__property(abcd,ABCD,atod)} - return value of property abcd (or "atod" if not defined) and save in ABCD</li>
<li>${__property(abcd,,atod)} - return value of property abcd (or "atod" if not defined) but don't save it</li>
</ul>
</p>
	</description>

<properties>
        <property name="Property Name" required="Yes">The property name to be retrieved.</property>
        <property name="Name of function" required="No">A reference name for reusing the value
                computed by this function.</property>
        <property name="Default Value" required="No">The default value for the property.</property>
</properties>
</component>

<component index="20.5.10" name="__P">
<description><p>This is a simplified property function which is
	intended for use with properties defined on the command line.
	Unlike the __property function, there is no option to save the value in a variable,
	and if no default value is supplied, it is assumed to be 1. 
	The value of 1 was chosen because it is valid for common test variables such
	as loops, thread count, ramp up etc.
	</p>For example:<p>
<code>
Define the property value:
<br/>
jmeter -Jgroup1.threads=7 -Jhostname1=www.realhost.edu
<br/>

Fetch the values:
<br/>
${__P(group1.threads)} - return the value of group1.threads
<br/>
${__P(group1.loops)} - return the value of group1.loops
<br/>
${__P(hostname,www.dummy.org)} - return value of property hostname or www.dummy.org if not defined
<br/>
</code>
In the examples above, the first function call would return 7, 
the second would return 1 and the last would return www.dummy.org
(unless those properties were defined elsewhere!)
</p>
	</description>

<properties>
        <property name="Property Name" required="Yes">The property name to be retrieved.</property>
        <property name="Default Value" required="No">The default value for the property.
        	If omitted, the default is set to "1".</property>
</properties>
</component>

<component index="20.5.11" name="__log">
<description>
	<p>
	The log function logs a message, and returns its input string
	</p>
</description>

<properties>
        <property name="String to be logged" required="Yes">A string</property>
        <property name="Log Level" required="No">OUT, ERR, DEBUG, INFO (default), WARN or ERROR</property>
        <property name="Throwable text" required="No">If non-empty, creates a Throwable to pass to the logger</property>
</properties>
<p>The OUT and ERR log level names are used to direct the output to System.out and System.err respectively.
	In this case, the output is always printed - it does not depend on the current log setting.
</p>
</component>

<component index="20.5.12" name="__logn">
<description>
	<p>
	The logn function logs a message, and returns the empty string
	</p>
</description>

<properties>
        <property name="String to be logged" required="Yes">A string</property>
        <property name="Log Level" required="No">OUT, ERR, DEBUG, INFO (default), WARN or ERROR</property>
        <property name="Throwable text" required="No">If non-empty, creates a Throwable to pass to the logger</property>
</properties>
<p>The OUT and ERR log level names are used to direct the output to System.out and System.err respectively.
	In this case, the output is always printed - it does not depend on the current log setting.
</p>
</component>

<component index="20.5.13" name="__BeanShell">
<description>
	<p>
	The BeanShell function evaluates the script passed to it, and returns the result.
</p>
<p>
Note that a different Interpreter is used for each independent occurence of the function
in a test script, but the same Interpreter is used for subsequent invocations.
This means that variables persist across calls to the function.
</p>
<p>
A single instance of a function may be called from multiple threads.
However the function execute() method is synchronised.
</p>
<p>
If the property "beanshell.function.init" is defined, it is passed to the Interpreter
as the name of a sourced file. This can be used to define common methods and variables. There is a
sample init file in the bin directory: BeanShellFunction.bshrc.
</p>
<p>
The following variables are set before the script is executed:
<ul>
<li>log - the logger for the BeanShell function (*)</li>
<li>ctx - the current JMeter context variable</li>
<li>vars - the current JMeter variables</li>
<li>threadName - the threadName</li>
<li>Sampler the current Sampler, if any</li>
<li>SampleResult - the current SampleResult, if any</li>
</ul>
(*) means that this is set before the init file, if any, is processed. 
Other variables vary from invocation to invocation.
</p>
</description>

<properties>
        <property name="BeanShell script" required="Yes">A beanshell script (not a file name)</property>
        <property name="Name of variable" required="No">A reference name for reusing the value
               computed by this function.</property>
        
</properties>
<p>
Example:
<pre>
${__BeanShell(123*456)} - returns 56088
${__BeanShell(source("function.bsh"))} - processes the script in function.bsh
</pre>
</p>
</component>

<component index="20.5.14" name="__split">
<description>
	<p>
	The split function splits the string passed to it according to the delimiter,
    and returns the original string. If any delimiters are adjacent, "?" is returned as the value.
    The split strings are returned in the variables ${VAR_1}, ${VAR_2} etc. 
    The count of variables is returned in ${VAR_n}. 
	</p>
	<p/>
	Example:
	<code>
	<br/>
	Define VAR="a,,c" in the test plan.
	<br/>
	${__split(${VAR},VAR)}
	<br/>
	This will return the contents of VAR, i.e. "a,,c" and set the following variables:
	<br/>
        VAR_1=a
	<br/>
        VAR_2=?
	<br/>
        VAR_3=c
	<br/>
        VAR_n=3
	</code>
</description>

<properties>
        <property name="String to split" required="Yes">A delimited string, e.g. "a|b|c"</property>
        <property name="Name of variable" required="Yes">A reference name for reusing the value
               computed by this function.</property>
        <property name="Delimiter" required="No">The delimiter character, e.g. "|". 
If omitted, "," is used. Note that "," would need to be specified as "\,".
</property>
        
</properties>
</component>
<component index="20.5.15" name="__XPath">
<description>
	<p>
	The XPath function reads an XML file and matches the XPath, each
	of the node match's are iterated through similar to the CVSReader.
	</p>
	<p/>
	Example:
	<code>
	<br/>
		
	<br/>
	${__XPath(/path/to/build.xml, //target/@name)}
	<br/>
	This will match all targets in build.xml and return the name variable
	</code>
</description>

<properties>
        <property name="XML file to parse" required="Yes"> a XML file to parse</property>
        <property name="XPath" required="Yes"> a XPath expression to match nodes in the XML file</property>        
</properties>
</component>

<component index="20.5.16" name="__setProperty">
<description>
	<p>The setProperty function sets the value of a JMeter property. 
		The return value from the function is the empty string,
		so the function call can be used anywhere functions are valid.</p>
	<p>Properties are global to JMeter,
		so can be used to communicate between threads and thread groups</p>
	</description>

<properties>
        <property name="Property Name" required="Yes">The property name to be set.</property>
        <property name="Property Value" required="Yes">The value for the property.</property>
</properties>
</component>


</subsection>

</section>

</body>
</document>
